"pad_size","position","track_no","layer_thickness_um","measurement_type","sim_value","exp_mean_value","exp_std_dev"
"1x5","","1","0","bead_height","5.52","0.1","0.9"
"1x5","","1","80","bead_height","36.08","38.3","8.3"
"1x5","","1","160","bead_height","86","82.2","5.7"
"1x5","","2","0","bead_height","3.68","0.6","1.0"
"1x5","","2","80","bead_height","44.98","36.4","6.9"
"1x5","","2","160","bead_height","98.43","95.7","6.1"
"1x5","","3","0","bead_height","1.84","0.7","1.1"
"1x5","","3","80","bead_height","41.78","37.1","6.5"
"1x5","","3","160","bead_height","110.87","96.7","5.4"
"1x5","","4","0","bead_height","3.68","1.0","0.9"
"1x5","","4","80","bead_height","43.11","32.7","4.1"
"1x5","","4","160","bead_height","112.6","93.1","3.4"
"1x5","","5","0","bead_height","0.00","-0.1","0.7"
"1x5","","5","80","bead_height","35.35","30.1","4.0"
"1x5","","5","160","bead_height","106.65","89.8","6.5"
"1x5","","6","0","bead_height","0.00","-0.6","0.6"
"1x5","","6","80","bead_height","35.15","28.4","6.4"
"1x5","","6","160","bead_height","106.84","87.1","8.8"
"1x5","","7","0","bead_height","-1.84","-2.1","0.6"
"1x5","","7","80","bead_height","45.59","26.7","5.9"
"1x5","","7","160","bead_height","99.36","81.7","1.1"
"1x5","","8","0","bead_height","-3.68","-1.3","0.1"
"1x5","","8","80","bead_height","42.36","26.4","7.0"
"1x5","","8","160","bead_height","101.07","79.2","3.9"
"1x5","","9","0","bead_height","-3.68","-1.5","1.8"
"1x5","","9","80","bead_height","43.7","28.1","6.9"
"1x5","","9","160","bead_height","124.21","78.1","6.2"
"1x5","","10","0","bead_height","-1.84","-0.9","1.4"
"1x5","","10","80","bead_height","43.51","26.3","4.9"
"1x5","","10","160","bead_height","132.06","78.9","5.2"
"1x5","","1","0","depth","114.11","124.1","3.6"
"1x5","","1","80","depth","127.57","120.1","4.5"
"1x5","","1","160","depth","93.1","111.3","6.6"
"1x5","","2","0","depth","132.52","160.3","1.9"
"1x5","","2","80","depth","179.28","148.4","9.1"
"1x5","","2","160","depth","138.13","136.7","11.1"
"1x5","","3","0","depth","147.24","167.1","3.5"
"1x5","","3","80","depth","188.54","162.7","0.7"
"1x5","","3","160","depth","144.52","145.6","1.5"
"1x5","","4","0","depth","147.24","174.3","4.9"
"1x5","","4","80","depth","185.7","169.9","3.7"
"1x5","","4","160","depth","155.53","145.9","5.8"
"1x5","","5","0","depth","150.92","177.1","3.7"
"1x5","","5","80","depth","181.34","170.5","5.0"
"1x5","","5","160","depth","161.9","151.4","1.0"
"1x5","","6","0","depth","145.40","181.5","0.7"
"1x5","","6","80","depth","176.98","171.3","2.3"
"1x5","","6","160","depth","149.72","147.7","1.0"
"1x5","","7","0","depth","149.08","174.5","7.3"
"1x5","","7","80","depth","186.26","170.6","6.1"
"1x5","","7","160","depth","146.81","141.2","5.1"
"1x5","","8","0","depth","156.44","179.7","2.4"
"1x5","","8","80","depth","187.96","170.8","0.1"
"1x5","","8","160","depth","159.37","148.0","2.2"
"1x5","","9","0","depth","154.60","176.4","3.1"
"1x5","","9","80","depth","186.63","170.5","4.1"
"1x5","","9","160","depth","156.46","152.7","2.1"
"1x5","","10","0","depth","156.44","179.8","3.6"
"1x5","","10","80","depth","186.82","170.1","4.4"
"1x5","","10","160","depth","150.47","146.6","9.6"
"1x5","","1","0","overlap_depth","49.69","90.1","3.2"
"1x5","","1","80","overlap_depth","82.19","80.6","0.7"
"1x5","","1","160","overlap_depth","28.22","62.8","9.6"
"1x5","","2","0","overlap_depth","79.14","121.6","3.8"
"1x5","","2","80","overlap_depth","133.89","104.7","5.9"
"1x5","","2","160","overlap_depth","77.9","90","4.3"
"1x5","","3","0","overlap_depth","90.18","127.8","4.6"
"1x5","","3","80","overlap_depth","135.59","119","5.3"
"1x5","","3","160","overlap_depth","74.99","92.5","4"
"1x5","","4","0","overlap_depth","103.07","131.1","6.2"
"1x5","","4","80","overlap_depth","131.23","125.9","4"
"1x5","","4","160","overlap_depth","99.92","98.7","7.6"
"1x5","","5","0","overlap_depth","103.07","133.8","5.4"
"1x5","","5","80","overlap_depth","134.45","120.5","3.3"
"1x5","","5","160","overlap_depth","84.65","103","1.7"
"1x5","","6","0","overlap_depth","103.07","132.1","7"
"1x5","","6","80","overlap_depth","143.71","124.6","4.1"
"1x5","","6","160","overlap_depth","97.22","99","2.4"
"1x5","","7","0","overlap_depth","101.23","135.4","3.8"
"1x5","","7","80","overlap_depth","143.91","124.9","3.9"
"1x5","","7","160","overlap_depth","86.57","103.6","9"
"1x5","","8","0","overlap_depth","108.59","132.6","4.1"
"1x5","","8","80","overlap_depth","144.1","126","1.8"
"1x5","","8","160","overlap_depth","105.32","99.7","8.3"
"1x5","","9","0","overlap_depth","115.95","135","4.8"
"1x5","","9","80","overlap_depth","145.79","126","5.2"
"1x5","","9","160","overlap_depth","107.07","105.9","5.7"
"1x5","","10","0","overlap_depth","114.11","132","5.2"
"1x5","","10","80","overlap_depth","147.48","128.3","2.8"
"1x5","","10","160","overlap_depth","91.78","104","8.6"
"1x5","","1","0","width","64.23076677","90.306","2.2"
"1x5","","1","80","width","57.69230564","89.813","3.5"
"1x5","","1","160","width","77.69230564","86.536","4.5"
"1x5","","2","0","width","81.92307242","134.705","2.6"
"1x5","","2","80","width","93.84615016","150.51","7.8"
"1x5","","2","160","width","113.8461502","170.897","0.6"
"1x5","","3","0","width","93.46153177","187.949","4.5"
"1x5","","3","80","width","179.230765","207.1615","5.4"
"1x5","","3","160","width","205.3846113","244.528","11.7"
"1x5","","4","0","width","154.2307614","225.011","8.3"
"1x5","","4","80","width","258.4615335","249.371","4.4"
"1x5","","4","160","width","278.4615335","302.0495","6"
"1x5","","5","0","width","184.2307597","275.123","20.4"
"1x5","","5","80","width","356.153841","289.7535","10.3"
"1x5","","5","160","width","339.2307632","358.227314","7.9"
"1x5","","6","0","width","201.9230653","not measured","not measured"
"1x5","","6","80","width","416.9230706","not measured","not measured"
"1x5","","6","160","width","412.3076855","not measured","not measured"
"1x5","","7","0","width","213.4615247","not measured","not measured"
"1x5","","7","80","width","446.9230689","not measured","not measured"
"1x5","","7","160","width","436.1538374","not measured","not measured"
"1x5","","8","0","width","218.8461377","not measured","not measured"
"1x5","","8","80","width","476.9230671","not measured","not measured"
"1x5","","8","160","width","484.6153745","not measured","not measured"
"1x5","","9","0","width","224.2307508","not measured","not measured"
"1x5","","9","80","width","525.3846042","not measured","not measured"
"1x5","","9","160","width","533.0769116","not measured","not measured"
"1x5","","10","0","width","235.7692101","not measured","not measured"
"1x5","","10","80","width","555.3846024","not measured","not measured"
"1x5","","10","160","width","563.0769098","not measured","not measured"
"5x5","start","1","0","bead_height","-5.53","17.1","2.0"
"5x5","start","1","80","bead_height","45","50.6","11.0"
"5x5","start","1","160","bead_height","89.61","114.4","12.3"
"5x5","start","2","0","bead_height","4.15","-0.9","3.1"
"5x5","start","2","80","bead_height","37.5","30.2","7.7"
"5x5","start","2","160","bead_height","80.52","89.8","3.6"
"5x5","start","3","0","bead_height","-2.76","11.9","0.5"
"5x5","start","3","80","bead_height","37.5","24.7","3.6"
"5x5","start","3","160","bead_height","88.31","57.7","5.3"
"5x5","start","4","0","bead_height","1.38","1.5","3.6"
"5x5","start","4","80","bead_height","34.375","19.9","5.5"
"5x5","start","4","160","bead_height","89.61","65.4","4.6"
"5x5","start","5","0","bead_height","-2.76","11.2","2.2"
"5x5","start","5","80","bead_height","34.375","20.2","4.3"
"5x5","start","5","160","bead_height","92.21","48.5","4.9"
"5x5","start","6","0","bead_height","1.38","6.4","4.0"
"5x5","start","6","80","bead_height","35.9375","20.2","5.2"
"5x5","start","6","160","bead_height","93.51","57.2","5.7"
"5x5","start","7","0","bead_height","-1.38","13.4","2.9"
"5x5","start","7","80","bead_height","28.125","20.8","4.3"
"5x5","start","7","160","bead_height","94.81","42.3","2.3"
"5x5","start","8","0","bead_height","-1.38","9.3","3.7"
"5x5","start","8","80","bead_height","37.5","23.7","3.9"
"5x5","start","8","160","bead_height","83.12","54.9","3.2"
"5x5","start","9","0","bead_height","-2.76","13.6","1.4"
"5x5","start","9","80","bead_height","42.1875","22.5","1.8"
"5x5","start","9","160","bead_height","66.23","42.6","5.1"
"5x5","start","10","0","bead_height","","8.2","2.7"
"5x5","start","10","80","bead_height","37.5","24.0","4.9"
"5x5","start","10","160","bead_height","","58.1","8.1"
"5x5","start","1","0","depth","114.7","123.9","1.3"
"5x5","start","1","80","depth","137.5","118.1","1.7"
"5x5","start","1","160","depth","100","101.0","8.8"
"5x5","start","2","0","depth","128.6","139.2","1.5"
"5x5","start","2","80","depth","148.44","131.8","6.5"
"5x5","start","2","160","depth","102.6","127.6","6.4"
"5x5","start","3","0","depth","141.0","164.7","5.0"
"5x5","start","3","80","depth","198.44","159.8","6.3"
"5x5","start","3","160","depth","137.66","144.0","3.3"
"5x5","start","4","0","depth","128.6","150.4","0.7"
"5x5","start","4","80","depth","170.31","142.2","6.8"
"5x5","start","4","160","depth","120.78","131.0","6.2"
"5x5","start","5","0","depth","147.9","172.7","5.0"
"5x5","start","5","80","depth","206.25","168.5","4.1"
"5x5","start","5","160","depth","149.35","152.3","1.7"
"5x5","start","6","0","depth","130.0","155.3","0.7"
"5x5","start","6","80","depth","175","147.2","1.1"
"5x5","start","6","160","depth","123.38","144.1","0.2"
"5x5","start","7","0","depth","150.7","178.7","0.8"
"5x5","start","7","80","depth","218.75","171.3","1.2"
"5x5","start","7","160","depth","159.74","161.9","4.0"
"5x5","start","8","0","depth","136.9","158.5","1.0"
"5x5","start","8","80","depth","179.69","151.6","2.1"
"5x5","start","8","160","depth","136.36","143.7","6.4"
"5x5","start","9","0","depth","160.4","181.7","1.4"
"5x5","start","9","80","depth","235.94","174.3","5.1"
"5x5","start","9","160","depth","146.75","161.3","3.5"
"5x5","start","10","0","depth","","161.6","2.2"
"5x5","start","10","80","depth","185.94","153.0","2.8"
"5x5","start","10","160","depth","","144.2","7.6"
"5x5","start","1","0","overlap_depth","29.03","56.4","3.1"
"5x5","start","1","80","overlap_depth","40.62","54.3","7.1"
"5x5","start","1","160","overlap_depth","-16.88","18.2","6.5"
"5x5","start","2","0","overlap_depth","73.27","99.8","5"
"5x5","start","2","80","overlap_depth","106.25","90.2","5.5"
"5x5","start","2","160","overlap_depth","31.17","84.2","10.2"
"5x5","start","3","0","overlap_depth","42.86","83.2","3.7"
"5x5","start","3","80","overlap_depth","106.25","81","8.4"
"5x5","start","3","160","overlap_depth","36.36","75.3","3"
"5x5","start","4","0","overlap_depth","85.71","114.3","2.1"
"5x5","start","4","80","overlap_depth","134.38","106.8","9.1"
"5x5","start","4","160","overlap_depth","67.53","91.1","5.6"
"5x5","start","5","0","overlap_depth","53.92","93.7","2.4"
"5x5","start","5","80","overlap_depth","132.81","88.9","3.5"
"5x5","start","5","160","overlap_depth","50.65","80.2","5.9"
"5x5","start","6","0","overlap_depth","94.01","119.9","2.3"
"5x5","start","6","80","overlap_depth","154.69","106.1","5.7"
"5x5","start","6","160","overlap_depth","79.22","102","2.1"
"5x5","start","7","0","overlap_depth","64.98","97","4.1"
"5x5","start","7","80","overlap_depth","132.81","95.5","2.7"
"5x5","start","7","160","overlap_depth","72.73","80.8","4.6"
"5x5","start","8","0","overlap_depth","111.98","126.6","1"
"5x5","start","8","80","overlap_depth","156.25","118.2","2.5"
"5x5","start","8","160","overlap_depth","101.3","104.5","7"
"5x5","start","9","0","overlap_depth","","97.6","7.3"
"5x5","start","9","80","overlap_depth","148.44","96.2","4.2"
"5x5","start","9","160","overlap_depth","","86.7","5.7"
"5x5","start","10","0","overlap_depth","","127.4","6.4"
"5x5","start","10","80","overlap_depth","175","116","0.7"
"5x5","start","10","160","overlap_depth","","114.5","2"
"5x5","start","1","0","width","71.72","88.1455","1.8"
"5x5","start","1","80","width","68.75","88.566","4.4"
"5x5","start","1","160","width","70.86530185","79.576","1.9"
"5x5","start","2","0","width","63.45","81.142","3.4"
"5x5","start","2","80","width","92.19","79.5905","1.2"
"5x5","start","2","160","width","65.61061417","82.679","5.7"
"5x5","start","3","0","width","102.07","135.372","2.1"
"5x5","start","3","80","width","146.88","144.449","4.1"
"5x5","start","3","160","width","148.3326472","151.0175","6.3"
"5x5","start","4","0","width","75.86","87.087","2.7"
"5x5","start","4","80","width","93.75","84.564","2.0"
"5x5","start","4","160","width","88.75145028","99.122","3.1"
"5x5","start","5","0","width","124.14","145.551","4.0"
"5x5","start","5","80","width","162.5","151.844","7.0"
"5x5","start","5","160","width","166.415285","174.783","4.3"
"5x5","start","6","0","width","89.66","91.1905","2.2"
"5x5","start","6","80","width","139.06","84.071","2.7"
"5x5","start","6","160","width","68.09199446","96.773","2.1"
"5x5","start","7","0","width","122.76","153.555","2.1"
"5x5","start","7","80","width","231.25","159.065","10.2"
"5x5","start","7","160","width","207.8127924","175.885","8.0"
"5x5","start","8","0","width","80.00","97.266","0.6"
"5x5","start","8","80","width","134.38","89.755","2.4"
"5x5","start","8","160","width","73.21194655","97.217628","5.8"
"5x5","start","9","0","width","140.69","161.1965","3.8"
"5x5","start","9","80","width","282.81","168.548","7.8"
"5x5","start","9","160","width","236.5058573","181.2645","3.1"
"5x5","start","10","0","width","","98.687","4.8"
"5x5","start","10","80","width","106.25","90.7555","2.6"
"5x5","start","10","160","width","","102.283","2.8"
"5x5","middle","1","0","bead_height","-5.22","5.5","3.6"
"5x5","middle","1","80","bead_height","29.19","39.8","8.7"
"5x5","middle","1","160","bead_height","89.85507246","66.8","10.7"
"5x5","middle","2","0","bead_height","0","3.8","1.7"
"5x5","middle","2","80","bead_height","27.61","21.4","3.8"
"5x5","middle","2","160","bead_height","81.15942029","53.6","14.0"
"5x5","middle","3","0","bead_height","1.3","0.8","1.3"
"5x5","middle","3","80","bead_height","28.86","12.5","3.6"
"5x5","middle","3","160","bead_height","75.36231884","50.0","20.7"
"5x5","middle","4","0","bead_height","0","0.6","1.0"
"5x5","middle","4","80","bead_height","24.48","9.8","4.1"
"5x5","middle","4","160","bead_height","76.8115942","37.8","7.3"
"5x5","middle","5","0","bead_height","1.3","-0.1","0.5"
"5x5","middle","5","80","bead_height","27.1","10.7","3.8"
"5x5","middle","5","160","bead_height","62.31884058","38.5","2.3"
"5x5","middle","6","0","bead_height","-1.3","0.5","0.9"
"5x5","middle","6","80","bead_height","26.94","9.5","3.6"
"5x5","middle","6","160","bead_height","68.11594203","34.4","3.2"
"5x5","middle","7","0","bead_height","-2.61","1.4","0.5"
"5x5","middle","7","80","bead_height","25.38","9.6","2.5"
"5x5","middle","7","160","bead_height","79.71014493","33.1","3.9"
"5x5","middle","8","0","bead_height","0","1.4","1.0"
"5x5","middle","8","80","bead_height","21.01","9.4","2.9"
"5x5","middle","8","160","bead_height","84.05797101","35.1","5.3"
"5x5","middle","9","0","bead_height","1.3","0.7","0.9"
"5x5","middle","9","80","bead_height","19.43","8.3","2.4"
"5x5","middle","9","160","bead_height","76.8115942","33.5","5.5"
"5x5","middle","10","0","bead_height","2.61","1.9","0.4"
"5x5","middle","10","80","bead_height","23.44","9.1","3.0"
"5x5","middle","10","160","bead_height","","31.7","2.2"
"5x5","middle","1","0","depth","110.87","128","0.2"
"5x5","middle","1","80","depth","134.85","124.8","4.7"
"5x5","middle","1","160","depth","97.1","115","5.3"
"5x5","middle","2","0","depth","123.91","143.6","1.2"
"5x5","middle","2","80","depth","154.66","139.6","2.9"
"5x5","middle","2","160","depth","120.29","127.9","9.5"
"5x5","middle","3","0","depth","131.74","151.2","2.2"
"5x5","middle","3","80","depth","154.82","150.5","1.7"
"5x5","middle","3","160","depth","136.23","139.3","4.7"
"5x5","middle","4","0","depth","131.74","157.9","1.4"
"5x5","middle","4","80","depth","170.42","157.8","1.2"
"5x5","middle","4","160","depth","131.88","139.5","5.4"
"5x5","middle","5","0","depth","136.96","161.4","2.5"
"5x5","middle","5","80","depth","177.6","155.1","4.2"
"5x5","middle","5","160","depth","137.68","152","0.6"
"5x5","middle","6","0","depth","142.17","166","1.3"
"5x5","middle","6","80","depth","176.37","161.8","2.2"
"5x5","middle","6","160","depth","134.78","154.1","6.1"
"5x5","middle","7","0","depth","143.48","168.8","3.4"
"5x5","middle","7","80","depth","184.96","164.2","3.2"
"5x5","middle","7","160","depth","136.23","151.1","4.2"
"5x5","middle","8","0","depth","139.57","171.1","3.8"
"5x5","middle","8","80","depth","193.53","164.8","6.2"
"5x5","middle","8","160","depth","153.62","160.3","5.9"
"5x5","middle","9","0","depth","155.22","175.1","3.2"
"5x5","middle","9","80","depth","202.12","166.4","1.7"
"5x5","middle","9","160","depth","146.38","158.5","1.6"
"5x5","middle","10","0","depth","163.04","179","2.4"
"5x5","middle","10","80","depth","198.08","167.8","3.7"
"5x5","middle","10","160","depth","","156.7","5.5"
"5x5","middle","1","0","overlap_depth","40.43478","67.5","3.2"
"5x5","middle","1","80","overlap_depth","49.41","63","10.5"
"5x5","middle","1","160","overlap_depth","4.35","49.6","5"
"5x5","middle","2","0","overlap_depth","48.26087","81.8","5.8"
"5x5","middle","2","80","overlap_depth","60.79","84.1","3.1"
"5x5","middle","2","160","overlap_depth","30.43","67.2","3.3"
"5x5","middle","3","0","overlap_depth","49.56522","94.2","2.3"
"5x5","middle","3","80","overlap_depth","96.01","93","3.9"
"5x5","middle","3","160","overlap_depth","47.83","84.7","3.1"
"5x5","middle","4","0","overlap_depth","63.91304","95.2","3.2"
"5x5","middle","4","80","overlap_depth","115.81","92.4","0.2"
"5x5","middle","4","160","overlap_depth","73.91","88","0.9"
"5x5","middle","5","0","overlap_depth","67.82609","104.7","2.6"
"5x5","middle","5","80","overlap_depth","120.19","99.1","0.8"
"5x5","middle","5","160","overlap_depth","76.81","96","6.3"
"5x5","middle","6","0","overlap_depth","67.82609","104.7","1.9"
"5x5","middle","6","80","overlap_depth","125.97","103.4","3.9"
"5x5","middle","6","160","overlap_depth","79.71","98.5","9.6"
"5x5","middle","7","0","overlap_depth","90","113.7","5.9"
"5x5","middle","7","80","overlap_depth","137.37","106.3","3.2"
"5x5","middle","7","160","overlap_depth","92.75","103.4","3.1"
"5x5","middle","8","0","overlap_depth","100.4348","115.6","6.2"
"5x5","middle","8","80","overlap_depth","154.36","104","4.6"
"5x5","middle","8","160","overlap_depth","91.3","108.6","4.1"
"5x5","middle","9","0","overlap_depth","110.8696","117.5","3.6"
"5x5","middle","9","80","overlap_depth","155.93","110.2","1.7"
"5x5","middle","9","160","overlap_depth","","103.4","4.4"
"5x5","middle","10","0","overlap_depth","","122","4"
"5x5","middle","10","80","overlap_depth","","113.3","1.5"
"5x5","middle","10","160","overlap_depth","","101.6","9.1"
"5x5","middle","1","0","width","46.75325","77.546","1.8"
"5x5","middle","1","80","width","69.86","84.651","5.3"
"5x5","middle","1","160","width","80.77","76.734","1.7"
"5x5","middle","2","0","width","76.62338","89.842","9.2"
"5x5","middle","2","80","width","89.48","84.651","4.3"
"5x5","middle","2","160","width","73.56","92.51","7.5"
"5x5","middle","3","0","width","81.81818","90.9005","4.8"
"5x5","middle","3","80","width","97.97","92.1475","7.1"
"5x5","middle","3","160","width","92.31","100.7605","5.7"
"5x5","middle","4","0","width","90.90909","92.1475","1.0"
"5x5","middle","4","80","width","107.76","94.134","3.5"
"5x5","middle","4","160","width","95.19","102.225","2.2"
"5x5","middle","5","0","width","88.31169","101.2245","2.8"
"5x5","middle","5","80","width","109.18","98.107","7.9"
"5x5","middle","5","160","width","85.1","108.141","1.5"
"5x5","middle","6","0","width","94.80519","102.95","3.2"
"5x5","middle","6","80","width","100.72","100.6445","4.8"
"5x5","middle","6","160","width","105.29","115.478","4.2"
"5x5","middle","7","0","width","106.4935","113.071","7.5"
"5x5","middle","7","80","width","131.73","106.401","6.2"
"5x5","middle","7","160","width","111.06","110.403","0.9"
"5x5","middle","8","0","width","84.41558","111.5485","4.3"
"5x5","middle","8","80","width","124.62","107.213","2.3"
"5x5","middle","8","160","width","100.96","114.289","1.7"
"5x5","middle","9","0","width","100","113.622","3.3"
"5x5","middle","9","80","width","150.01","110.461","4.8"
"5x5","middle","9","160","width","126.92","116.493","4.7"
"5x5","middle","10","0","width","102.5974","116.096686","8.1"
"5x5","middle","10","80","width","155.67","107.097","1.3"
"5x5","middle","10","160","width","","120.06","1.7"
